{
    "title": "Gate Registration Form",
    "visibility": "All",
    "questions": [{
        "title": "Filling Person's Name",
        "type": "Text"
    }, {
        "title": "Contact Number",
        "type": "Text"
    }, {
        "title": "Role",
        "type": "Text"
    }, {
        "title": "Visitor Name",
        "type": "Text"
    }, {
        "title": "ID Number",
        "type": "Text"
    }, {
        "title": "Phone Number",
        "type": "Text"
    }, {
        "title": "Reason for Visit",
        "type": "Text"
    }, {
        "title": "Date of Visit",
        "type": "Text"
    }, {
        "title": "Time of visit",
        "type": "Text"
    }, {
        "title": "Photo",
        "type": "AttachmentList"
    }, {
        "title": "Location",
        "type": "Location"
    }]
}