{"SchemaVersion":1,"TemplateType":3,"CardTemplateId":"com.contoso.PatientGrievance_Final.10","BaseCardTemplateId":"com.contoso.PatientGrievance_Final","BaseCardTemplateVersion":10,"CardTemplateMinorVersion":1,"Name":"Patient Grievance","Icon":"AppIcon.png","Description":"Employee Help Desk","ActionClassifications":"default","CardDataFile":"AppModel.json_processed","VisibleInDrawer":true,"IsLocalised":1,"IsPinned":0,"IsInFocus":0,"ForTesting":0,"IsSearchable":0,"ActionScope":"Group","ConversationSelectionType":"UserSelected","ActionForwardPolicy":0,"Views":[{"CreationView":{"ShowNativeToolbar":0,"ViewType":"Html","BackDialogVisibility":0,"BackDialogTitle":"Back to chat","BackDialogDescription":"Do you want to cancel and go back to chat?","View":"CreationView.html","iosView":"CreationView.html"}},{"ChatCanvasCardView":{"ShowResponseCount":1,"ViewType":"Html","ShowExpiry":0,"View":"ChatCardView.json","ContentSubTextField":"Expiry","ResponseQuestionId":-1,"ShowHeader":1,"ShowFooter":0,"IsResponseEditable":0,"ShowComments":0,"ShowReceipts":0,"ShowLikes":0}},{"ResponseResultsView":{"Visible":1,"View":"SummaryView.html","iosView":"SummaryView.html","ShowNativeToolbar":0,"BackDialogVisibility":0,"BackDialogTitle":"Back to chat","BackDialogDescription":"Do you want to cancel and go back to chat?","ViewType":"Html","ShowCloseCardSection":1,"ShowSendReminderSection":0,"ShowQuestionHeader":1,"LabelPageHeader":"Action","LabelCloseInfo":"Action closes on {0}","LabelActionExpired":"Action is closed","LabelNotResponded":"You have not responded","LabelRespondNow":"Respond now","LabelAddResponse":"Add a new response","LabelQuestions":"ACTION QUESTIONS","LabelCloseAction":"Close Action","LabelShareActionResults":"Share Action results","LabelDuplicateAction":"Duplicate this Action","LabelDuplicateActionSubText":"Copy questions and create a new Action","LabelCloseActionConfirmation":"Are you sure you want to close the action?"}}],"IsPromotional":0,"PromotionStartTime":0,"PromotionEndTime":0}