{
    "displayName": "Visitor Checkin",
    "submitString": "SUBMIT",
    "backDialogDescriptionText": "Are you sure you want to discard your Form?",
    "DEFAULT_SELECT_OPTION": "Tap To Select",
    "SECTION1": "VISITOR CHECKIN INFORMATION",
    "LABEL0": "Filling Person Name",
    "INPUT1_placeholder": "Tap To Enter",
    "LABEL1": "Contact Number",
    "INPUT2_placeholder": "Tap To Enter",
    "LABEL2": "Role",
    "INPUT3_placeholder": "Tap To Select",
    "LIST_0_1": "Security Guard",
    "LIST_0_2": "Premise Owner",
    "LIST_0_3": "Security Supervisor",
    "LIST_0_4": "Other",
    "SECTION2": "VISITOR INFORMATION",
    "LABEL3": "Visitor's Name",
    "INPUT4_placeholder": "Tap To Enter",
    "LABEL4": "ID Number",
    "INPUT5_placeholder": "Tap To Enter",
    "LABEL5": "Phone Number",
    "INPUT6_placeholder": "Tap To Enter",
    "LABEL6": "Reason for Visit",
    "INPUT7_placeholder": "Tap To Enter",
    "LIST_1_1": "Visitor",
    "LIST_1_2": "Guest",
    "LIST_1_3": "Relative",
    "LIST_1_4": "Government",
    "LIST_1_5": "Other",
    "LABEL7": "Date of Visit",
    "INPUT8_placeholder": "Tap To Select",
    "LABEL8": "Time of Visit",
    "INPUT9_placeholder": "Tap To Select",
    "LABEL10": "Photos (Optional)",
    "LABEL11": "Location",
    "RefreshLocationText": "REFRESH",
    "LocNotFound": "Location not found. Please ensure that you have turned on location services and provided Kaizala the location permission. Tap on refresh below to try fetching location again",
    "LocWaitText": "Please wait while we are trying to fetch your location",
    "NoLocation": "Due to poor network connectivity, your location could not be fetched"

}